method,kind,cases,repetitions,gpu_ms,with_host_ms,input_transfer_ms,timing_outlier_invocations_above_three_median,nonfinite_cases,physical_target_failing_cases,nonstationary_cases,reference_refinement_passed,same_grid_initial_mean_percent,same_grid_initial_median_percent,same_grid_initial_worst_percent,same_grid_evolved_mean_percent,same_grid_evolved_median_percent,same_grid_evolved_worst_percent,same_grid_all_times_mean_percent,same_grid_all_times_median_percent,same_grid_all_times_worst_percent,physical_initial_mean_percent,physical_initial_median_percent,physical_initial_worst_percent,physical_evolved_mean_percent,physical_evolved_median_percent,physical_evolved_worst_percent,physical_all_times_mean_percent,physical_all_times_median_percent,physical_all_times_worst_percent,development_selected_fom,fom_over_method_gpu,fom_over_method_with_host,matched_physical_target_and_stationarity
nmrom_pca64_free_q0,weak,8,3,1253.2050780719146,1256.4822230488062,0.5493486532941461,0,0,8,0,True,7.6132073185272455,7.676142348368539,9.396537290166682,9.261540310943383,8.911350036297433,13.535470202934608,9.388378309330022,9.382716689264093,13.535470202934608,7.613207318538759,7.676142348379525,9.39653729017526,9.261111153887036,8.911045239623547,13.534582384508756,9.38795049892311,9.382716689272929,13.534582384508756,fom_dt0.01,0.0024978816317549725,0.0037176570756893208,False
nmrom_pca64_free_q32,weak,8,3,1677.4743909481913,1680.1108530489728,0.5155650433152914,0,0,8,0,True,7.539513537822917,7.58773119576151,9.328948868752947,9.156652576474457,8.804047829002162,13.431139627794336,9.289659172549753,9.307765657539525,13.431139627794336,7.539513537834547,7.5877311957726175,9.328948868761588,9.15622815723975,8.803749320475832,13.430306909130794,9.289235797108816,9.307765657548437,13.430306909130794,fom_dt0.01,0.0018661137017826298,0.002780274895860746,False
nmrom_pca64_free_q64,weak,8,3,2074.600575841032,2077.615855494514,0.5153148667886853,0,0,8,0,True,7.4383507333714345,7.490976162973132,9.220093914950125,9.067810516538827,8.73265012171626,13.313765220925347,9.190041254718274,9.19483254323567,13.313765220925347,7.438350733383226,7.490976162984385,9.220093914959373,9.067370871268826,8.73234563075885,13.312960561997434,9.189602492273972,9.194832543244688,13.312960561997434,fom_dt0.01,0.0015088966916288746,0.002248331911138313,False
nmrom_pca64_free_q128,weak,8,3,2917.1492625027895,2920.45296553988,0.5360705545172095,0,0,8,0,True,7.244123790675591,7.281564017326398,9.035447528410828,8.89147573216361,8.580200263497883,13.083297097757463,9.005049548175165,9.018637575013974,13.083297097757463,7.244123790687731,7.2815640173379865,9.035447528420267,8.891028150933519,8.579896942013688,13.082406362663889,9.004603253486678,9.018637575023172,13.082406362663889,fom_dt0.01,0.0010730880265798187,0.0015994676449554532,False
nmrom_pca64_free_q256,weak,8,3,4622.721653431654,4625.510393525474,0.5361754447221756,0,0,7,0,True,6.78479245454206,6.798251000454419,8.550106594852112,8.535297329377862,8.281880967989059,12.533674155433799,8.631356397095672,8.546262509005276,12.533674155433799,6.784792454555016,6.798251000466818,8.550106594862095,8.534835308685903,8.281568578279247,12.53279064060863,8.630898312950144,8.546274500955304,12.53279064060863,fom_dt0.01,0.0006771677336475767,0.0010098712638358092,False
pod_weak_64,weak,8,3,534.6090579405427,537.5578640960157,0.5413648905232549,0,0,8,0,True,55.89422335471437,56.086741366140714,58.06713005413723,51.336462200323,51.700759879217586,53.95794630719938,55.89422335471437,56.086741366140714,58.06713005413723,55.89422335471541,56.08674136614174,58.067130054138204,51.33639527278571,51.70070765408978,53.95792927184083,55.89422335471541,56.08674136614174,58.067130054138204,fom_dt0.01,0.005855415090415544,0.008689613414642377,False
pod_galerkin_64,galerkin,8,3,14.78007494006306,16.31413958966732,0.516479485668242,0,0,8,,True,55.89422335471437,56.086741366140714,58.06713005413723,51.33639686584361,51.70052425072884,53.95786890300286,55.89422335471437,56.086741366140714,58.06713005413723,55.89422335471541,56.08674136614174,58.067130054138204,51.33632995013397,51.700472033348746,53.957851870752016,55.89422335471541,56.08674136614174,58.067130054138204,fom_dt0.01,0.21179581010463644,0.28632647166717645,False
pod_weak_96,weak,8,3,759.5792026259005,762.6036900328472,0.5564949242398143,0,0,8,0,True,42.93446419375444,43.27251361159949,45.662250296798604,38.450775863049714,38.778363065075524,43.238161473486585,42.93446419375444,43.27251361159949,45.662250296798604,42.93446419375604,43.27251361160109,45.662250296800075,38.450714182885,38.77828070488521,43.23814547847284,42.93446419375604,43.27251361160109,45.662250296800075,fom_dt0.01,0.004121173847988596,0.006125291665968785,False
pod_galerkin_96,galerkin,8,3,16.872674925252795,18.36423738859594,0.5230715032666922,0,0,8,,True,42.93446419375444,43.27251361159949,45.662250296798604,38.45048037723057,38.77801307173765,43.237687006425695,42.93446419375444,43.27251361159949,45.662250296798604,42.93446419375604,43.27251361160109,45.662250296800075,38.45041874920278,38.77793075955402,43.23767101921373,42.93446419375604,43.27251361160109,45.662250296800075,fom_dt0.01,0.18552825554961558,0.25436231998917663,False
pod_weak_128,weak,8,3,990.1376679772511,993.3842519531026,0.5828639259561896,0,0,8,0,True,35.485544571292266,35.813583991926066,37.02970676460421,31.736342598594668,31.414070459006073,37.38096822995523,35.52945225446114,35.813583991926066,37.38096822995523,35.48554457129434,35.81358399192806,37.029706764606175,31.736198014598838,31.414017234444604,37.38058668844077,35.52940456177367,35.81358399192806,37.38058668844077,fom_dt0.01,0.0031615380836211284,0.004702279120905337,False
pod_galerkin_128,galerkin,8,3,18.45074037555605,20.030701882205904,0.5348229315131903,0,0,8,,True,35.485544571292266,35.813583991926066,37.02970676460421,31.744390021294265,31.414127867446958,37.400937318843944,35.53194839057223,35.813583991926066,37.400937318843944,35.48554457129434,35.81358399192806,37.029706764606175,31.744245890497886,31.414074780802792,37.40055593180466,35.531900717194155,35.81358399192806,37.40055593180466,fom_dt0.01,0.16966028905187236,0.23320051661019597,False
pod_weak_192,weak,8,3,1473.3752914471552,1476.4293275075033,0.5841924576088786,0,0,8,0,True,26.368045092017933,26.767886471271584,28.347277979256802,23.795322315967088,22.949191554919484,31.546543296617607,27.228763754216466,27.166659901693446,31.546543296617607,26.368045092020914,26.767886471274522,28.347277979259555,23.795135221062303,22.949112295471412,31.54610088541075,27.22865822017736,27.166659901696377,31.54610088541075,fom_dt0.01,0.002124616832866283,0.003163829070559764,False
pod_galerkin_192,galerkin,8,3,22.4934674333781,24.104724056087434,0.5261359037831426,0,0,8,,True,26.368045092017933,26.767886471271584,28.347277979256802,23.825855543048934,22.963528968861297,31.586635626738307,27.244097050724136,27.166659901693446,31.586635626738307,26.368045092020914,26.767886471274522,28.347277979259555,23.82566988611649,22.963450431581258,31.586193696482407,27.243992120821414,27.166659901696377,31.586193696482407,fom_dt0.01,0.13916742514730066,0.1937864966272277,False
pod_weak_320,weak,8,3,2493.758162483573,2496.9066120684147,0.5876864306628704,0,0,8,0,True,18.071177694168828,17.91800183422619,20.296070701507503,17.175718837150306,16.823520320885006,23.678257035244705,19.126444251684383,18.768352734244004,23.678257035244705,18.07117769417335,17.91800183423076,20.29607070151151,17.175472308753786,16.82340189261766,23.67765763468231,19.126252773772084,18.768202840713588,23.67765763468231,fom_dt0.01,0.001255277272845222,0.0018707828336141442,False
pod_galerkin_320,galerkin,8,3,30.45954497065395,32.05551498103887,0.538359978236258,0,0,8,,True,18.071177694168828,17.91800183422619,20.296070701507503,17.222633084189415,16.869485357007687,23.73247323447523,19.152372685310915,18.80276665333927,23.73247323447523,18.07117769417335,17.91800183423076,20.29607070151151,17.22238916392418,16.86936907088061,23.731874961626705,19.152182420799008,18.802618384396723,23.731874961626705,fom_dt0.01,0.10277100161390508,0.1457212598131174,False
free_bank_galerkin,galerkin,8,3,104.92766799870878,106.64918646216393,0.600393395870924,0,0,3,,True,1.5792917185943487,1.5561061131501586,1.7555861738695782,4.519983275293295,3.415665255285942,7.839759195536362,4.519983275293295,3.415665255285942,7.839759195536362,1.5792917186477164,1.55610611320499,1.755586173916969,4.51944526470474,3.4158179138873606,7.837739996279221,4.51944526470474,3.4158179138873606,7.837739996279221,fom_dt0.01,0.029833484390184035,0.043799396713189546,False
fno3d_increment_raw,operator,8,3,8.765662554651499,10.506479535251856,0.5717944586649537,0,0,0,,True,2.5009860374429098e-14,2.4947039377298565e-14,2.564534329319944e-14,0.3574350172915246,0.3553211814843374,0.552059407870987,0.3574350172915246,0.3553211814843374,0.552059407870987,1.2960286597104176e-05,1.295953028589478e-05,1.3129856070693357e-05,0.36697670563851764,0.35364227350553923,0.584355963315891,0.36697670563851764,0.35364227350553923,0.584355963315891,fom_dt0.01,0.3571159539647995,0.4445989745016209,True
fno3d_increment_projected,operator,8,3,8.90338490717113,10.522586642764509,0.5893009947612882,0,0,0,,True,2.5009860374429098e-14,2.4947039377298565e-14,2.564534329319944e-14,0.27798981690460756,0.2647860354854978,0.4703340360460194,0.27798981690460756,0.2647860354854978,0.4703340360460194,1.2960286597104176e-05,1.295953028589478e-05,1.3129856070693357e-05,0.29843994725034456,0.27052022722072655,0.5376380373309979,0.29843994725034456,0.27052022722072655,0.5376380373309979,fom_dt0.01,0.351591892069788,0.443918419071152,True
unet3d_increment_raw,operator,8,3,1.8866644240915775,3.4456249559298158,0.5983659066259861,0,0,0,,True,2.5009860374429098e-14,2.4947039377298565e-14,2.564534329319944e-14,1.661573606967822,1.7747339328190794,2.3062872551331552,1.661573606967822,1.7747339328190794,2.3062872551331552,1.2960286597104176e-05,1.295953028589478e-05,1.3129856070693357e-05,1.6610663640763887,1.7731348358902006,2.306106734167132,1.6610663640763887,1.7731348358902006,2.306106734167132,fom_dt0.01,1.6592022965849627,1.3556815053119173,True
unet3d_increment_projected,operator,8,3,1.9337539561092854,3.4664529375731945,0.6094010313972831,0,0,0,,True,2.5009860374429098e-14,2.4947039377298565e-14,2.564534329319944e-14,1.4950346584603376,1.6080997585363705,2.044066181095276,1.4950346584603376,1.6080997585363705,2.044066181095276,1.2960286597104176e-05,1.295953028589478e-05,1.3129856070693357e-05,1.4956420982516185,1.6079061919204738,2.04379632027206,1.4956420982516185,1.6079061919204738,2.04379632027206,fom_dt0.01,1.6187984699129845,1.347535971529863,True
deeponet3d_increment_raw,operator,8,3,4.06606518663466,5.598477553576231,0.587068498134613,0,0,8,,True,2.5009860374429098e-14,2.4947039377298565e-14,2.564534329319944e-14,24.411692917875026,25.162216096839813,29.167750020572704,24.411692917875026,25.162216096839813,29.167750020572704,1.2960286597104176e-05,1.295953028589478e-05,1.3129856070693357e-05,24.411403941226144,25.16175848508636,29.167117144119548,24.411403941226144,25.16175848508636,29.167117144119548,fom_dt0.01,0.7698740186526078,0.834364339642902,False
deeponet3d_increment_projected,operator,8,3,4.261109046638012,5.853588925674558,0.590426498092711,0,0,8,,True,2.5009860374429098e-14,2.4947039377298565e-14,2.564534329319944e-14,22.63267188913894,23.37437159379619,26.93329232015811,22.63267188913894,23.37437159379619,26.93329232015811,1.2960286597104176e-05,1.295953028589478e-05,1.3129856070693357e-05,22.6325227522696,23.374044068528864,26.932750295501634,22.6325227522696,23.374044068528864,26.932750295501634,fom_dt0.01,0.7346345543087484,0.7980010359980897,False
transolver3d_increment_raw,operator,8,3,3.212521434761584,4.914643941447139,0.594462500885129,0,0,0,,True,2.5009860374429098e-14,2.4947039377298565e-14,2.564534329319944e-14,3.053391635917736,3.155832685252706,3.8863276936787283,3.053391635917736,3.155832685252706,3.8863276936787283,1.2960286597104176e-05,1.295953028589478e-05,1.3129856070693357e-05,3.0012051228525665,3.099892650992522,3.8367306273877535,3.0012051228525665,3.099892650992522,3.8367306273877535,fom_dt0.01,0.974423987172621,0.950459500758827,True
transolver3d_increment_projected,operator,8,3,3.3611345570534468,4.876972991041839,0.5892839981243014,0,0,0,,True,2.5009860374429098e-14,2.4947039377298565e-14,2.564534329319944e-14,1.921133027424092,1.9810871853860477,2.6909225738958273,1.921133027424092,1.9810871853860477,2.6909225738958273,1.2960286597104176e-05,1.295953028589478e-05,1.3129856070693357e-05,1.9227995539216163,1.9811609348836912,2.6921201279091314,1.9227995539216163,1.9811609348836912,2.6921201279091314,fom_dt0.01,0.9313396688534045,0.9578010859554437,True
fom_dt0.002,fom,8,3,12.755831121467054,14.38578451052308,0.5786758847534657,0,0,0,,True,0.0,0.0,0.0,0.012876210950328858,0.012964663187546008,0.021306215148585057,0.012876210950328858,0.012964663187546008,0.021306215148585057,1.2960286596821865e-05,1.2959530285704795e-05,1.3129856070393348e-05,0.12476532194108346,0.03752284334969606,0.36629881688342375,0.12476532194108346,0.03752284334969606,0.36629881688342375,fom_dt0.01,0.24540603552439222,0.32470735423419694,True
fom_dt0.004,fom,8,3,6.765886442735791,8.316616527736187,0.5710748955607414,0,0,0,,True,0.0,0.0,0.0,0.05216827726283984,0.05240848307140379,0.08659903839402425,0.05216827726283984,0.05240848307140379,0.08659903839402425,1.2960286596821865e-05,1.2959530285704795e-05,1.3129856070393348e-05,0.14179096411757372,0.0551470059736352,0.3744768423243123,0.14179096411757372,0.0551470059736352,0.3744768423243123,fom_dt0.01,0.462667822144548,0.5616671168397314,True
fom_dt0.008,fom,8,3,3.7289245519787073,5.261633428744972,0.5699358880519867,0,0,0,,True,0.0,0.0,0.0,0.2129391043912847,0.21248978293685467,0.3597750934912205,0.2129391043912847,0.21248978293685467,0.3597750934912205,1.2960286596821865e-05,1.2959530285704795e-05,1.3129856070393348e-05,0.25714713183943894,0.21285932801194282,0.4711446719553117,0.25714713183943894,0.21285932801194282,0.4711446719553117,fom_dt0.01,0.8394800971976776,0.8877794491490126,True
fom_dt0.01,fom,8,3,3.1303579453378916,4.671170026995242,0.5879615200683475,0,0,0,,True,0.0,0.0,0.0,0.3478686314939587,0.3413848615408072,0.6283990150918635,0.3478686314939587,0.3413848615408072,0.6283990150918635,1.2960286596821865e-05,1.2959530285704795e-05,1.3129856070393348e-05,0.3758443462286779,0.34163529677864746,0.6677136185254289,0.3758443462286779,0.34163529677864746,0.6677136185254289,fom_dt0.01,1.0,1.0,True
fom_dt0.02,fom,8,3,1.925755525007844,3.4863714827224612,0.5960459820926189,0,0,3,,True,0.0,0.0,0.0,10.731268825065591,3.4469984533441265,49.217058127993475,10.731268825065591,3.4469984533441265,49.217058127993475,1.2960286596821865e-05,1.2959530285704795e-05,1.3129856070393348e-05,10.745889472120734,3.4464606142828287,49.258555577774835,10.745889472120734,3.4464606142828287,49.258555577774835,fom_dt0.01,1.625521985884029,1.3398371487789897,False
fom_dt0.04,fom,8,3,1.2995448196306825,2.803829964250326,0.5690640537068248,0,0,8,,True,0.0,0.0,0.0,31.74455307204063,19.529585332736882,96.69885651183122,31.74455307204063,19.529585332736882,96.69885651183122,1.2960286596821865e-05,1.2959530285704795e-05,1.3129856070393348e-05,31.736153160435833,19.528903778914458,96.67252449783608,31.736153160435833,19.528903778914458,96.67252449783608,fom_dt0.01,2.408811068345844,1.6659961861289956,False
