worktree	path	bytes
2026-08-27-nodes-mm	experiments/separable-decoder/runs/cd_chunk_smoke/out/sep_codesign_chunk_smoke.pkl	1605927
2026-09-03-burgers3d-tensor	experiments/separable-decoder/runs/b3dtensor/smoke/n17_ckpt.pkl	328020
2026-09-03-burgers3d-tensor	experiments/separable-decoder/runs/b3dtensor/smoke/n17_kernel.npz	741020
2026-09-03-burgers3d-tensor	experiments/separable-decoder/runs/b3dtensor/smoke/n17c_ckpt.pkl	328020
2026-09-03-burgers3d-tensor	experiments/separable-decoder/runs/b3dtensor/smoke/n17c_kernel.npz	741020
2026-09-03-burgers3d-tensor	experiments/separable-decoder/runs/b3dtensor/tables/b3d_params_test_seed1_m2.npz	2732
2026-09-03-burgers3d-tensor	experiments/separable-decoder/runs/b3dtensor/tables/b3d_params_test_seed1_m8.npz	3382
2026-09-03-burgers3d-tensor	experiments/separable-decoder/runs/b3dtensor/tables/b3d_params_train_seed0_m576.npz	89718
2026-09-20-paper-b3d	experiments/paper-b3d/checks/conditioned/joint/best.pkl	13637
2026-09-20-paper-b3d	experiments/paper-b3d/checks/conditioned/joint/latest.pkl	39828
2026-09-20-paper-b3d	experiments/paper-b3d/checks/conditioned/pretraining/branch_latest.pkl	31887
2026-09-20-paper-b3d	experiments/paper-b3d/checks/conditioned/pretraining/branch_teacher.npz	1499
2026-09-20-paper-b3d	experiments/paper-b3d/checks/conditioned/pretraining/initialized.pkl	14696
2026-09-20-paper-b3d	experiments/paper-b3d/checks/conditioned/pretraining/random_initialization.pkl	13351
2026-09-20-paper-b3d	experiments/paper-b3d/checks/conditioned/pretraining/training_teacher.npz	7707
2026-09-20-paper-b3d	experiments/paper-b3d/checks/conditioned/pretraining/trunk_latest.pkl	7929
2026-09-20-paper-b3d	experiments/paper-b3d/checks/conditioned/pretraining/trunk_selected.pkl	13610
2026-09-24-operators-all-pdes	experiments/ops-all/b3d/configs/table1_refs/ref_n129.npz	7347886
2026-09-24-operators-all-pdes	experiments/ops-all/b3d/configs/table1_refs/ref_n257.npz	7347886
2026-09-24-operators-all-pdes	experiments/ops-all/b3d/configs/table1_refs/ref_n65.npz	7347886
2026-09-24-operators-all-pdes	experiments/ops-all/b3d/lanes/burgers3d-retry/inputs/model_M2/bank.pkl	29399165
2026-09-24-operators-all-pdes	experiments/ops-all/g2d/runs/b512don/pull/out/train/don-small/history.json	5463407
2026-09-24-operators-all-pdes	experiments/ops-all/g2d/runs/b512unet/pull/out/train/unet-refine/history.json	6183046
2026-09-24-operators-all-pdes	experiments/ops-all/g2d/runs/s128f/pull/out/train/fno-w96f32/history.json	14137473
2026-09-24-operators-all-pdes	experiments/ops-all/g2d/runs/s128u/pull/out/train/unet-b64/history.json	14817715
2026-09-24-operators-all-pdes	experiments/ops-all/g2d/runs/t256ff32/pull/out/train/fno-w96f32/history.json	6079139
2026-09-24-operators-all-pdes	experiments/ops-all/g2d/runs/t256ub64/pull/out/train/unet-b64/history.json	6499173
2026-09-24-operators-all-pdes	experiments/ops-all/g2d/runs/t512ur/pull/out/train/unet-refine/history.json	6143270
2026-09-24-operators-all-pdes	experiments/ops-all/g2d/src/burgers/experiments/b-panel/inputs/directions_qtd02.npz	4041852
2026-09-24-operators-all-pdes	experiments/ops-all/g2d/src/burgers/experiments/b-panel/inputs/rules-eqtop/rule_q0_m1024_qrg304_reachable.npz	11139
2026-09-24-operators-all-pdes	experiments/ops-all/g2d/src/burgers/experiments/burgers-bank-knob/inputs/rotation_R512.npz	6296542
2026-09-24-operators-all-pdes	experiments/ops-all/g2d/src/burgers/experiments/separable-decoder/runs/dn256b/out/sep_hfit_dense_mid_N256_dense.pkl	36402230
2026-09-24-operators-all-pdes	experiments/ops-all/g2d/src/heat/experiments/heat-bank-knob/inputs/wide2d/bank.pkl	1055502
2026-09-24-operators-all-pdes	experiments/ops-all/g2d/src/heat/experiments/heat-bank-knob/inputs/wide2d/head_K8.pkl	1146282
2026-09-24-operators-all-pdes	experiments/ops-all/g2d/src/heat/experiments/heat-bank-knob/prep_2d.npz	280624
2026-09-24-operators-all-pdes	experiments/ops-all/g2d/src/heat/experiments/hires-heat/inputs/wide2d/bank.pkl	1055502
2026-09-24-operators-all-pdes	experiments/ops-all/g2d/src/heat/experiments/hires-heat/inputs/wide2d/head_K8.pkl	1146282
2026-09-24-operators-all-pdes	experiments/ops-all/l3d/deps/heat/inputs/vp_R320/bank.pkl	7392540
2026-09-24-operators-all-pdes	experiments/ops-all/l3d/deps/heat/inputs/vp_R320/head_K32.pkl	7600888
2026-09-24-operators-all-pdes	experiments/ops-all/l3d/deps/heat/prep_3d.npz	1674372
2026-09-24-operators-all-pdes	experiments/ops-all/l3d/deps/poisson/bank.pkl	1188781
2026-09-24-operators-all-pdes	experiments/ops-all/l3d/deps/poisson/head_K16.pkl	1040980
2026-09-24-operators-all-pdes	experiments/ops-all/l3d/deps/poisson/prep_cube.npz	413640
2026-09-24-operators-all-pdes	experiments/ops-all/p2d/nmrom_ls/head_sdf_R512_K16-basis.npz	2366313
2026-09-24-operators-all-pdes	experiments/ops-all/p2d/nmrom_ls/head_sdf_R512_K16.pkl	5810835
2026-09-24-operators-all-pdes	experiments/ops-all/p2d/nmrom_ls/prep_lshape.npz	4774410
2026-09-24-operators-all-pdes	experiments/ops-all/p2d/nmrom_sq/prep.npz	6392796
2026-09-24-operators-all-pdes	experiments/ops-all/p2d/nmrom_sq/primary_K32-basis.npz	1933623
2026-09-24-operators-all-pdes	experiments/ops-all/p2d/nmrom_sq/primary_K32.pkl	6226714
2026-09-24-operators-all-pdes	experiments/ops-all/p2d/runs/l1024p/code/nmrom_ls/head_sdf_R512_K16-basis.npz	2366313
2026-09-24-operators-all-pdes	experiments/ops-all/p2d/runs/l1024p/code/nmrom_ls/head_sdf_R512_K16.pkl	5810835
2026-09-24-operators-all-pdes	experiments/ops-all/p2d/runs/l1024p/code/nmrom_ls/prep_lshape.npz	4774410
2026-09-24-operators-all-pdes	experiments/ops-all/p2d/runs/l2048p-oom-autotune-4301745/code/nmrom_ls/head_sdf_R512_K16-basis.npz	2366313
2026-09-24-operators-all-pdes	experiments/ops-all/p2d/runs/l2048p-oom-autotune-4301745/code/nmrom_ls/head_sdf_R512_K16.pkl	5810835
2026-09-24-operators-all-pdes	experiments/ops-all/p2d/runs/l2048p-oom-autotune-4301745/code/nmrom_ls/prep_lshape.npz	4774410
2026-09-24-operators-all-pdes	experiments/ops-all/p2d/runs/l2048q-oom-4303032/code/nmrom_ls/head_sdf_R512_K16-basis.npz	2366313
2026-09-24-operators-all-pdes	experiments/ops-all/p2d/runs/l2048q-oom-4303032/code/nmrom_ls/head_sdf_R512_K16.pkl	5810835
2026-09-24-operators-all-pdes	experiments/ops-all/p2d/runs/l2048q-oom-4303032/code/nmrom_ls/prep_lshape.npz	4774410
2026-09-24-operators-all-pdes	experiments/ops-all/p2d/runs/l2048r/code/nmrom_ls/head_sdf_R512_K16-basis.npz	2366313
2026-09-24-operators-all-pdes	experiments/ops-all/p2d/runs/l2048r/code/nmrom_ls/head_sdf_R512_K16.pkl	5810835
2026-09-24-operators-all-pdes	experiments/ops-all/p2d/runs/l2048r/code/nmrom_ls/prep_lshape.npz	4774410
2026-09-24-operators-all-pdes	experiments/ops-all/p2d/runs/l2048s-oom-4305415/code/nmrom_ls/head_sdf_R512_K16-basis.npz	2366313
2026-09-24-operators-all-pdes	experiments/ops-all/p2d/runs/l2048s-oom-4305415/code/nmrom_ls/head_sdf_R512_K16.pkl	5810835
2026-09-24-operators-all-pdes	experiments/ops-all/p2d/runs/l2048s-oom-4305415/code/nmrom_ls/prep_lshape.npz	4774410
2026-09-24-operators-all-pdes	experiments/ops-all/p2d/runs/l256p/code/nmrom_ls/head_sdf_R512_K16-basis.npz	2366313
2026-09-24-operators-all-pdes	experiments/ops-all/p2d/runs/l256p/code/nmrom_ls/head_sdf_R512_K16.pkl	5810835
2026-09-24-operators-all-pdes	experiments/ops-all/p2d/runs/l256p/code/nmrom_ls/prep_lshape.npz	4774410
2026-09-24-operators-all-pdes	experiments/ops-all/p2d/runs/l512p/code/nmrom_ls/head_sdf_R512_K16-basis.npz	2366313
2026-09-24-operators-all-pdes	experiments/ops-all/p2d/runs/l512p/code/nmrom_ls/head_sdf_R512_K16.pkl	5810835
2026-09-24-operators-all-pdes	experiments/ops-all/p2d/runs/l512p/code/nmrom_ls/prep_lshape.npz	4774410
2026-09-24-operators-all-pdes	experiments/ops-all/p2d/runs/s1024p/code/nmrom_sq/prep.npz	6392796
2026-09-24-operators-all-pdes	experiments/ops-all/p2d/runs/s1024p/code/nmrom_sq/primary_K32-basis.npz	1933623
2026-09-24-operators-all-pdes	experiments/ops-all/p2d/runs/s1024p/code/nmrom_sq/primary_K32.pkl	6226714
2026-09-24-operators-all-pdes	experiments/ops-all/p2d/runs/s1024rp/code/nmrom_sq/prep.npz	6392796
2026-09-24-operators-all-pdes	experiments/ops-all/p2d/runs/s1024rp/code/nmrom_sq/primary_K32-basis.npz	1933623
2026-09-24-operators-all-pdes	experiments/ops-all/p2d/runs/s1024rp/code/nmrom_sq/primary_K32.pkl	6226714
2026-09-24-operators-all-pdes	experiments/ops-all/p2d/runs/s2048p/code/nmrom_sq/prep.npz	6392796
2026-09-24-operators-all-pdes	experiments/ops-all/p2d/runs/s2048p/code/nmrom_sq/primary_K32-basis.npz	1933623
2026-09-24-operators-all-pdes	experiments/ops-all/p2d/runs/s2048p/code/nmrom_sq/primary_K32.pkl	6226714
2026-09-24-operators-all-pdes	experiments/ops-all/p2d/runs/s256p-failed-4290446/code/nmrom_sq/prep.npz	6392796
2026-09-24-operators-all-pdes	experiments/ops-all/p2d/runs/s256p-failed-4290446/code/nmrom_sq/primary_K32-basis.npz	1933623
2026-09-24-operators-all-pdes	experiments/ops-all/p2d/runs/s256p-failed-4290446/code/nmrom_sq/primary_K32.pkl	6226714
2026-09-24-operators-all-pdes	experiments/ops-all/p2d/runs/s256q/code/nmrom_sq/prep.npz	6392796
2026-09-24-operators-all-pdes	experiments/ops-all/p2d/runs/s256q/code/nmrom_sq/primary_K32-basis.npz	1933623
2026-09-24-operators-all-pdes	experiments/ops-all/p2d/runs/s256q/code/nmrom_sq/primary_K32.pkl	6226714
2026-09-24-operators-all-pdes	experiments/ops-all/p2d/runs/s4096p/code/nmrom_sq/prep.npz	6392796
2026-09-24-operators-all-pdes	experiments/ops-all/p2d/runs/s4096p/code/nmrom_sq/primary_K32-basis.npz	1933623
2026-09-24-operators-all-pdes	experiments/ops-all/p2d/runs/s4096p/code/nmrom_sq/primary_K32.pkl	6226714
