section,pde,mesh,method,error_pct,median_error_pct,method_ms,fom,fom_error_pct,fom_ms,speedup,clock,norm,note,source,job_id
NM-ROM,Burgers 2D,256² intervals,q0_M64_eqcert_g1em06_fastL4,1.8891456982792685,1.0100218817339819,40.35864432808012,nt1e-3_dt01,1.5178517607598867,19.724276033230126,0.4887249401364721,GPU,initial-field L2; evolved times,Development. Evolved-time advantage at the largest mesh disappears when initial compression is included. EQ construction status is retained in source_metrics.,worktrees/2026-09-17-b-panel/experiments/b-panel/reports/summary.json,3789570
NM-ROM,Burgers 2D,256² intervals,q256_M1088_eqtop_g1em06,0.5129194368597558,0.1789259532922587,746.0200455971062,nt1e-3_dt005,0.04889766354765399,31.787732965312898,0.042609757141137336,GPU,initial-field L2; evolved times,Development. Evolved-time advantage at the largest mesh disappears when initial compression is included. EQ construction status is retained in source_metrics.,worktrees/2026-09-17-b-panel/experiments/b-panel/reports/summary.json,3789570
Neural operators,Burgers 2D,256² intervals,fno-large,7.416410478237783,2.5256102259760738,7.182571920566261,nt1e-2_dt01,3.199937091473226,9.009246015921235,1.254320334770969,GPU,initial-field L2; evolved times,Paired FNO from the Burgers panel. This cohort/reference differs from the separate U-Net/Transolver operator study.,worktrees/2026-09-17-b-panel/experiments/b-panel/reports/summary.json,3789570
NM-ROM,Burgers 2D,512² intervals,q0_M64_eqxfer_g1em06_fastL4,2.139992785875173,1.0351050960100059,40.491704479791224,nt1e-3_dt01,1.5893416045412816,33.71582238469273,0.8326599933949377,GPU,initial-field L2; evolved times,Development. Evolved-time advantage at the largest mesh disappears when initial compression is included. EQ construction status is retained in source_metrics.,worktrees/2026-09-17-b-panel/experiments/b-panel/reports/summary.json,3805065
NM-ROM,Burgers 2D,512² intervals,q256_M1088_eqtopxfer_g1em06,0.5509721660506048,0.18450136305010412,783.3276834571734,nt1e-3_dt005,0.051606745250106834,52.91527253575623,0.06755189897313166,GPU,initial-field L2; evolved times,Development. Evolved-time advantage at the largest mesh disappears when initial compression is included. EQ construction status is retained in source_metrics.,worktrees/2026-09-17-b-panel/experiments/b-panel/reports/summary.json,3805065
Neural operators,Burgers 2D,512² intervals,fno-large,6.616861015609063,2.661327937556066,22.475625039078295,nt1e-2_dt01,3.3549853901440385,13.851479045115411,0.6162889361711583,GPU,initial-field L2; evolved times,Paired FNO from the Burgers panel. This cohort/reference differs from the separate U-Net/Transolver operator study.,worktrees/2026-09-17-b-panel/experiments/b-panel/reports/summary.json,3805065
NM-ROM,Burgers 2D,1024² intervals,q0_M64_eqxfer_g1em06,2.2912840655657516,1.0393864106990887,40.26987950783223,nt1e-4_dt01,1.6287209985383715,64.03521506581455,1.590151643075071,GPU,initial-field L2; evolved times,Development. Evolved-time advantage at the largest mesh disappears when initial compression is included. EQ construction status is retained in source_metrics.,worktrees/2026-09-17-b-panel/experiments/b-panel/reports/summary.json,3789572
NM-ROM,Burgers 2D,1024² intervals,q256_M1088_dense_g1em06,0.5860844308137502,0.1854450954445365,22053.852356038988,nt1e-4_dt005,0.03428094698588521,81.31132053676993,0.0036869440868685472,GPU,initial-field L2; evolved times,Development. Evolved-time advantage at the largest mesh disappears when initial compression is included. EQ construction status is retained in source_metrics.,worktrees/2026-09-17-b-panel/experiments/b-panel/reports/summary.json,3789572
Neural operators,Burgers 2D,1024² intervals,fno-large,6.265688581902351,2.8006956387847666,58.91731951851398,nt1e-2_dt01,3.4581810072340486,17.724266508594155,0.3008328731422437,GPU,initial-field L2; evolved times,Paired FNO from the Burgers panel. This cohort/reference differs from the separate U-Net/Transolver operator study.,worktrees/2026-09-17-b-panel/experiments/b-panel/reports/summary.json,3789572
NM-ROM,Poisson 2D,1024² intervals,q0_m4@new_K32,3.1495039123511046,0.5078711116881901,3.9406470023095608,dst_direct,5.087343686108074e-14,0.2369144931435585,0.06012070936694052,GPU,current-field L2; steady state,Development. Iterative q=512 failed its stopping rule; the separately timed direct linear endpoint is listed instead.,worktrees/2026-09-17-p-linear/experiments/p-linear/reports/summary.json,3783813
NM-ROM,Poisson 2D,1024² intervals,q256_m4@new_K32,0.9647906290076345,0.13145967682309628,4.318764549680054,dst_direct,5.087343686108074e-14,0.2369144931435585,0.05485700607621913,GPU,current-field L2; steady state,Development. Iterative q=512 failed its stopping rule; the separately timed direct linear endpoint is listed instead.,worktrees/2026-09-17-p-linear/experiments/p-linear/reports/summary.json,3783813
Linear endpoints,Poisson 2D,1024² intervals,d_linear_qr_m4@new_K32,0.7421302120898828,0.058011197306195784,1.8299876246601343,dst_direct,5.087343686108074e-14,0.2369144931435585,0.12946234714978377,GPU,current-field L2; steady state,Development. Iterative q=512 failed its stopping rule; the separately timed direct linear endpoint is listed instead.,worktrees/2026-09-17-p-linear/experiments/p-linear/reports/summary.json,3783813
NM-ROM,Heat 2D,1024² intervals,nmrom,4.555461377197961,,12.318827561102808,fom_same_grid,0.0,1.03456259239465,0.08398222860601791,GPU,current-field L2; evolved times,Earlier audited bank/head experiment. Same-grid error here; the prior paper table instead reported physical-reference all-times error.,worktrees/2026-09-07-mr-heat2d/experiments/mr-heat2d/runs/linear05/archive/outputs/results.json,
Linear endpoints,Heat 2D,1024² intervals,linear_weak_exact,1.2315426976585677,,0.5616594571620226,fom_same_grid,0.0,1.03456259239465,1.8419748465059824,GPU,current-field L2; evolved times,Earlier audited bank/head experiment. Same-grid error here; the prior paper table instead reported physical-reference all-times error.,worktrees/2026-09-07-mr-heat2d/experiments/mr-heat2d/runs/linear05/archive/outputs/results.json,
NM-ROM,Reflective wave 2D,1024² intervals,head_q0,6.1065974723820435,,192.46241403743625,dst,0,17.102756537497044,0.08886283913164651,GPU,current displacement L2; all sampled times,Displacement only. Velocity and energy-state errors are separate source metrics; this does not establish an all-state accuracy pass.,worktrees/2026-09-17-w-ladder/experiments/w-ladder/reports/summary.json,3780450
NM-ROM,Reflective wave 2D,1024² intervals,nested_q32,2.8094300105452796,,2529.4449974317104,dst,0,17.102756537497044,0.006761466074519291,GPU,current displacement L2; all sampled times,Displacement only. Velocity and energy-state errors are separate source metrics; this does not establish an all-state accuracy pass.,worktrees/2026-09-17-w-ladder/experiments/w-ladder/reports/summary.json,3780450
Linear endpoints,Reflective wave 2D,1024² intervals,linear_bank64,2.8192432530487332,,4.562370013445616,dst,0,17.102756537497044,3.7486561780596603,GPU,current displacement L2; all sampled times,Displacement only. Velocity and energy-state errors are separate source metrics; this does not establish an all-state accuracy pass.,worktrees/2026-09-17-w-ladder/experiments/w-ladder/reports/summary.json,3780450
NM-ROM,L-shaped Poisson 2D,256² intervals,neural_q0@head_sdf_R512_K16,3.8608496739056593,0.8352448484428059,2.878709463402629,fom_splu,2.0489131641874903e-12,8.386203437112272,2.9131815988126135,Complete query,current-field L2; steady state,Complete-query clock includes transfers and the CPU sparse-direct control. Development.,worktrees/2026-09-17-lshape/experiments/lshape/reports/summary.json,3784663
NM-ROM,L-shaped Poisson 2D,256² intervals,neural_q64@head_sdf_R512_K16,2.130548143759591,0.7189544088598674,3.0282585648819804,fom_splu,2.0489131641874903e-12,8.386203437112272,2.7693155182866973,Complete query,current-field L2; steady state,Complete-query clock includes transfers and the CPU sparse-direct control. Development.,worktrees/2026-09-17-lshape/experiments/lshape/reports/summary.json,3784663
NM-ROM,L-shaped Poisson 2D,512² intervals,neural_q0@head_sdf_R512_K16,3.8520647297506585,0.8301971511685531,4.716053954325616,fom_cg_gpu_r0.01,0.3845242627555538,29.12696509156376,6.176130590034533,Complete query,current-field L2; steady state,Complete-query clock includes transfers and the CPU sparse-direct control. Development.,worktrees/2026-09-17-lshape/experiments/lshape/reports/summary.json,3789568
NM-ROM,L-shaped Poisson 2D,512² intervals,neural_q64@head_sdf_R512_K16,2.1232983314622316,0.714426649706575,4.800847033038735,fom_cg_gpu_r0.01,0.3845242627555538,29.12696509156376,6.0670471046288705,Complete query,current-field L2; steady state,Complete-query clock includes transfers and the CPU sparse-direct control. Development.,worktrees/2026-09-17-lshape/experiments/lshape/reports/summary.json,3789568
NM-ROM,Navier–Stokes 2D,256² periodic points,neural_q0,68.76538694125485,41.39215056680621,13387.538022478111,fom_ntol0.003,25.589480022517087,263.1616754224524,0.01965721217602485,GPU,initial vorticity L2; evolved times,Exploratory after the representation gate failed; q=512 reaches full-bank capacity. Initial-fit convergence is not implied by zero evolution budget exits.,worktrees/2026-09-17-ns2d/experiments/ns2d/artifacts/ns304/result.json,3808502
NM-ROM,Navier–Stokes 2D,256² periodic points,neural_q512,6.013960487628244,2.437667490991507,52592.33822708484,fom_ntol0.001,0.004130302241437376,421.2693589506671,0.008010089932333814,GPU,initial vorticity L2; evolved times,Exploratory after the representation gate failed; q=512 reaches full-bank capacity. Initial-fit convergence is not implied by zero evolution budget exits.,worktrees/2026-09-17-ns2d/experiments/ns2d/artifacts/ns304/result.json,3808502
NM-ROM,Low-viscosity Burgers 2D,256² intervals,q0_M1088_dense_g1em06,9.049969033074174,,557.4454519664869,nt1e-2_dt01,3.895041256551319,13.983563985675573,0.02508508040804009,GPU,initial-field L2; evolved times,"Fixed-test ladder. Under-resolved mesh: this is a comparison to the same discrete equation, not a resolved physical-accuracy claim.",worktrees/2026-09-17-b-lowvisc/experiments/b-lowvisc/reports/summary.json,3817807
NM-ROM,Low-viscosity Burgers 2D,256² intervals,q256_M1088_dense_g1em06,6.671830943932594,,1810.2724055061117,nt1e-2_dt01,3.895041256551319,13.983563985675573,0.0077245634099836384,GPU,initial-field L2; evolved times,"Fixed-test ladder. Under-resolved mesh: this is a comparison to the same discrete equation, not a resolved physical-accuracy claim.",worktrees/2026-09-17-b-lowvisc/experiments/b-lowvisc/reports/summary.json,3817807
NM-ROM,Burgers 3D,33³ nodes,rom_q0,8.987516215926142,4.007294229531031,223.39240997098386,fom_n33_dt0.025_nt3e-02_lt5e-01,3.928483010545637,4.670946975238621,0.020909157011401256,GPU,initial-field L2; evolved times,Provisional development results; final cohort unopened. First of two independently trained checkpoints. Spatial refinement misses the physical-reference target.,worktrees/2026-09-20-paper-b3d/experiments/paper-b3d/runs/b3d005/collected/out/seed0/result.json,3997404
NM-ROM,Burgers 3D,33³ nodes,rom_q192,2.434514802964599,1.0933158846520095,379.6556950546801,fom_n33_dt0.01_nt1e-02_lt5e-01,1.882021117890396,8.743587415665388,0.023030307538007794,GPU,initial-field L2; evolved times,Provisional development results; final cohort unopened. First of two independently trained checkpoints. Spatial refinement misses the physical-reference target.,worktrees/2026-09-20-paper-b3d/experiments/paper-b3d/runs/b3d005/collected/out/seed0/result.json,3997404
Neural operators,Burgers 3D,33³ nodes,deeponet3d,14.953015691062435,7.313910939858024,2.604709006845951,fom_n33_dt0.05_nt3e-02_lt5e-01,8.99819399833801,3.959772060625255,1.5202358690424898,GPU,initial-field L2; evolved times,Provisional development results; final cohort unopened. First of two independently trained checkpoints. Spatial refinement misses the physical-reference target.,worktrees/2026-09-20-paper-b3d/experiments/paper-b3d/runs/b3d005/collected/out/seed0/result.json,3997404
Neural operators,Burgers 3D,33³ nodes,fno3d,2.499540991317356,1.6599484376708435,6.065141991712153,fom_n33_dt0.01_nt1e-02_lt5e-01,1.882021117890396,8.743587415665388,1.441612979154199,GPU,initial-field L2; evolved times,Provisional development results; final cohort unopened. First of two independently trained checkpoints. Spatial refinement misses the physical-reference target.,worktrees/2026-09-20-paper-b3d/experiments/paper-b3d/runs/b3d005/collected/out/seed0/result.json,3997404
Neural operators,Burgers 3D,33³ nodes,transolver3d,2.148732282874833,1.4675341374560589,3.575348062440753,fom_n33_dt0.01_nt1e-02_lt5e-01,1.882021117890396,8.743587415665388,2.4455206214794307,GPU,initial-field L2; evolved times,Provisional development results; final cohort unopened. First of two independently trained checkpoints. Spatial refinement misses the physical-reference target.,worktrees/2026-09-20-paper-b3d/experiments/paper-b3d/runs/b3d005/collected/out/seed0/result.json,3997404
Neural operators,Burgers 3D,33³ nodes,unet3d,2.6574527172689195,1.6261073729556736,2.17442458961159,fom_n33_dt0.01_nt1e-02_lt5e-01,1.882021117890396,8.743587415665388,4.021104000312665,GPU,initial-field L2; evolved times,Provisional development results; final cohort unopened. First of two independently trained checkpoints. Spatial refinement misses the physical-reference target.,worktrees/2026-09-20-paper-b3d/experiments/paper-b3d/runs/b3d005/collected/out/seed0/result.json,3997404
NM-ROM,Heat 3D,32³ intervals,nmrom_K32_q0_dense,6.013449855609233,1.148556613585076,34.77085009217262,dst_exact,0.0,1.428322633728385,0.04107816259717847,GPU,current-field L2; evolved times,Provisional development results; final cohort unopened.,worktrees/2026-09-20-paper-h3d/experiments/paper-h3d/runs/extra03/archive/out/result.json,3995709
NM-ROM,Heat 3D,32³ intervals,nmrom_K32_q96_dense,1.3791060967554007,0.3990833890901416,114.34307065792382,dst_exact,0.0,1.428322633728385,0.012491553930727014,GPU,current-field L2; evolved times,Provisional development results; final cohort unopened.,worktrees/2026-09-20-paper-h3d/experiments/paper-h3d/runs/extra03/archive/out/result.json,3995709
Linear endpoints,Heat 3D,32³ intervals,linear_bank_galerkin_exact,1.3323801105533206,0.25681561448237766,0.18679816275835037,dst_exact,0.0,1.428322633728385,7.646341980226651,GPU,current-field L2; evolved times,Provisional development results; final cohort unopened.,worktrees/2026-09-20-paper-h3d/experiments/paper-h3d/runs/extra03/archive/out/result.json,3995709
Neural operators,Heat 3D,32³ intervals,deeponet3d_r128_w16,21.76923177226799,7.16513986141996,3.888949053362012,dst_exact,0.0,1.428322633728385,0.36727728086167505,GPU,current-field L2; evolved times,Provisional development results; final cohort unopened.,worktrees/2026-09-20-paper-h3d/experiments/paper-h3d/runs/extra03/archive/out/result.json,3995709
Neural operators,Heat 3D,32³ intervals,fno3d_w16_m6,0.3946858213886528,0.2448817179523926,10.638271924108267,dst_exact,0.0,1.428322633728385,0.13426265505505128,GPU,current-field L2; evolved times,Provisional development results; final cohort unopened.,worktrees/2026-09-20-paper-h3d/experiments/paper-h3d/runs/extra03/archive/out/result.json,3995709
Neural operators,Heat 3D,32³ intervals,transolver3d_w48_s32,1.482593938424273,1.0619380978272321,6.282191723585129,dst_exact,0.0,1.428322633728385,0.2273605608638235,GPU,current-field L2; evolved times,Provisional development results; final cohort unopened.,worktrees/2026-09-20-paper-h3d/experiments/paper-h3d/runs/extra03/archive/out/result.json,3995709
Neural operators,Heat 3D,32³ intervals,unet3d_w8,0.31849976817723724,0.16966420273902436,4.37296275049448,dst_exact,0.0,1.428322633728385,0.32662584047094273,GPU,current-field L2; evolved times,Provisional development results; final cohort unopened.,worktrees/2026-09-20-paper-h3d/experiments/paper-h3d/runs/extra03/archive/out/result.json,3995709
NM-ROM,Poisson 3D,32³ intervals,nmrom_K16_q0_dense,0.9703844919982533,0.2281143039470507,2.4873907677829266,dst_exact,0.0,0.180704053491354,0.07264803577783639,GPU,current-field L2; steady state,Provisional development results; final cohort unopened.,worktrees/2026-09-20-paper-p3d/experiments/paper-p3d/runs/seed04/archive/out/result.json,3996479
NM-ROM,Poisson 3D,32³ intervals,nmrom_K16_q96_dense,0.17647197924961947,0.04832849027512359,2.588632283732295,dst_exact,0.0,0.180704053491354,0.06980676808635583,GPU,current-field L2; steady state,Provisional development results; final cohort unopened.,worktrees/2026-09-20-paper-p3d/experiments/paper-p3d/runs/seed04/archive/out/result.json,3996479
Linear endpoints,Poisson 3D,32³ intervals,linear_bank_galerkin,0.1443006226026346,0.04626179699364721,0.21822098642587662,dst_exact,0.0,0.180704053491354,0.828078254300871,GPU,current-field L2; steady state,Provisional development results; final cohort unopened.,worktrees/2026-09-20-paper-p3d/experiments/paper-p3d/runs/seed04/archive/out/result.json,3996479
Neural operators,Poisson 3D,32³ intervals,deeponet3d_r128_w16,3.568320309338429,1.3220633042118437,2.7779967058449984,dst_exact,0.0,0.180704053491354,0.06504833253082935,GPU,current-field L2; steady state,Provisional development results; final cohort unopened.,worktrees/2026-09-20-paper-p3d/experiments/paper-p3d/runs/seed04/archive/out/result.json,3996479
Neural operators,Poisson 3D,32³ intervals,fno3d_w24_m8,0.2365559714807757,0.13488248861336105,11.208564275875688,dst_exact,0.0,0.180704053491354,0.016121962549680447,GPU,current-field L2; steady state,Provisional development results; final cohort unopened.,worktrees/2026-09-20-paper-p3d/experiments/paper-p3d/runs/seed04/archive/out/result.json,3996479
Neural operators,Poisson 3D,32³ intervals,transolver3d_w48_s32,0.7639276863254466,0.5088812109978852,4.162262659519911,dst_exact,0.0,0.180704053491354,0.04341486068353913,GPU,current-field L2; steady state,Provisional development results; final cohort unopened.,worktrees/2026-09-20-paper-p3d/experiments/paper-p3d/runs/seed04/archive/out/result.json,3996479
Neural operators,Poisson 3D,32³ intervals,unet3d_w16,0.23101272127165387,0.16435393134236528,3.870986867696047,dst_exact,0.0,0.180704053491354,0.046681649839568254,GPU,current-field L2; steady state,Provisional development results; final cohort unopened.,worktrees/2026-09-20-paper-p3d/experiments/paper-p3d/runs/seed04/archive/out/result.json,3996479
NM-ROM,Navier–Stokes 3D,32³ periodic points,nmrom_q0,50.47575802747145,28.531936994856384,779.2309204814956,fom_dt0.008,0.3597750934912201,3.8932496681809425,0.0049962720495937965,GPU,initial-field L2; evolved times,Provisional development results; final cohort unopened. Representation target failed. New paired fields pass numerical auditing; the separately retained strict cross-run replay gate failed.,worktrees/2026-09-20-paper-ns3d/experiments/ns3d/runs/extra03/collected/output/result.json,3995695
NM-ROM,Navier–Stokes 3D,32³ periodic points,nmrom_q128,45.33479058181311,25.266389327588602,1865.9993754699826,fom_dt0.008,0.3597750934912201,3.8932496681809425,0.002086415311473705,GPU,initial-field L2; evolved times,Provisional development results; final cohort unopened. Representation target failed. New paired fields pass numerical auditing; the separately retained strict cross-run replay gate failed.,worktrees/2026-09-20-paper-ns3d/experiments/ns3d/runs/extra03/collected/output/result.json,3995695
Neural operators,Navier–Stokes 3D,32³ periodic points,deeponet3d_projected,44.84495724287284,35.889356284130905,4.372066934593022,fom_dt0.008,0.3597750934912201,3.8932496681809425,0.8904826313102522,GPU,initial-field L2; evolved times,Provisional development results; final cohort unopened. Representation target failed. New paired fields pass numerical auditing; the separately retained strict cross-run replay gate failed.,worktrees/2026-09-20-paper-ns3d/experiments/ns3d/runs/extra03/collected/output/result.json,3995695
Neural operators,Navier–Stokes 3D,32³ periodic points,fno3d_projected,1.5120686726328822,1.0973584490257606,8.969507878646255,fom_dt0.008,0.3597750934912201,3.8932496681809425,0.4340538768519975,GPU,initial-field L2; evolved times,Provisional development results; final cohort unopened. Representation target failed. New paired fields pass numerical auditing; the separately retained strict cross-run replay gate failed.,worktrees/2026-09-20-paper-ns3d/experiments/ns3d/runs/extra03/collected/output/result.json,3995695
Neural operators,Navier–Stokes 3D,32³ periodic points,transolver3d_projected,2.036647628931372,1.3773442870128507,3.3980205189436674,fom_dt0.008,0.3597750934912201,3.8932496681809425,1.1457404822826749,GPU,initial-field L2; evolved times,Provisional development results; final cohort unopened. Representation target failed. New paired fields pass numerical auditing; the separately retained strict cross-run replay gate failed.,worktrees/2026-09-20-paper-ns3d/experiments/ns3d/runs/extra03/collected/output/result.json,3995695
Neural operators,Navier–Stokes 3D,32³ periodic points,unet3d_projected,4.282977504778358,3.041419104831069,2.0937154768034816,fom_dt0.008,0.3597750934912201,3.8932496681809425,1.8594931886947919,GPU,initial-field L2; evolved times,Provisional development results; final cohort unopened. Representation target failed. New paired fields pass numerical auditing; the separately retained strict cross-run replay gate failed.,worktrees/2026-09-20-paper-ns3d/experiments/ns3d/runs/extra03/collected/output/result.json,3995695
Neural operators,"Navier–Stokes 3D, augmented training",32³ periodic points,deeponet3d_increment_projected,64.32941549049474,58.67984846452783,4.274010541848838,fom_dt0.02,49.217058127993475,1.882920041680336,0.4405510990775021,GPU,initial velocity L2; evolved times,Provisional development. Later training-coverage experiment with its own paired FOM. No new NM-ROM rollout passed the representation gate in this attempt.,worktrees/2026-09-20-paper-ns3d/experiments/ns3d/runs/coverage04/collected/output/result.json,3997427
Neural operators,"Navier–Stokes 3D, augmented training",32³ periodic points,fno3d_increment_projected,0.4703340360460194,0.2647860354854978,9.089472470805049,fom_dt0.008,0.3597750934912205,3.700616885907948,0.40713219582260163,GPU,initial velocity L2; evolved times,Provisional development. Later training-coverage experiment with its own paired FOM. No new NM-ROM rollout passed the representation gate in this attempt.,worktrees/2026-09-20-paper-ns3d/experiments/ns3d/runs/coverage04/collected/output/result.json,3997427
Neural operators,"Navier–Stokes 3D, augmented training",32³ periodic points,transolver3d_increment_projected,2.6909225738958265,1.9810871853860477,3.276727511547506,fom_dt0.01,0.6283990150918635,3.101733047515154,0.9465947463084268,GPU,initial velocity L2; evolved times,Provisional development. Later training-coverage experiment with its own paired FOM. No new NM-ROM rollout passed the representation gate in this attempt.,worktrees/2026-09-20-paper-ns3d/experiments/ns3d/runs/coverage04/collected/output/result.json,3997427
Neural operators,"Navier–Stokes 3D, augmented training",32³ periodic points,unet3d_increment_projected,2.044066181095276,1.6080997585363705,1.9084690138697624,fom_dt0.01,0.6283990150918635,3.101733047515154,1.6252467422700436,GPU,initial velocity L2; evolved times,Provisional development. Later training-coverage experiment with its own paired FOM. No new NM-ROM rollout passed the representation gate in this attempt.,worktrees/2026-09-20-paper-ns3d/experiments/ns3d/runs/coverage04/collected/output/result.json,3997427
