cohort,evaluation_cohort,intervals,interior_unknowns,method,cases,invocations,median_rel_l2,worst_rel_l2,worst_physical_rel_l2,device_ms,total_ms,timing_outliers,nonfinite_cases,nonstationary_cases,matched_cg,matched_cg_worst_rel_l2,matched_cg_device_ms,speedup_vs_matched_cg,speedup_vs_dst,gpu_uuid,job_id
primary,development,32,29791,deeponet3d_r128_w16,16,48,0.01760550068776727,0.06421636164091736,0.06278467524979472,2.8126590186730027,3.7953410064801574,0,0,0,fom_cn_cg_dt0.1_rtol1e-02,0.021614741036507984,2.2467474918812513,0.7987983886298647,0.3915275628786207,GPU-9732c808-acc9-5c43-f0ce-4a81a2bf1719,4028921
primary,development,32,29791,dst_exact,16,48,0.0,0.0,0.005118654109444598,1.1012335307896137,2.3376609897240996,0,0,0,,,,,,GPU-9732c808-acc9-5c43-f0ce-4a81a2bf1719,4028921
primary,development,32,29791,fno3d_w16_m6,16,48,0.0015139742121847372,0.0022382856010605334,0.005138498108072777,6.64995948318392,7.681232527829707,0,0,0,fom_cn_cg_dt0.025_rtol1e-04,0.0007323658637665504,4.517139634117484,0.6792732565574569,0.16560003614674002,GPU-9732c808-acc9-5c43-f0ce-4a81a2bf1719,4028921
primary,development,32,29791,fom_cn_cg_dt0.025_rtol1e-02,16,48,0.01265888434837051,0.016885102845797823,0.0188355880460513,3.3485860330983996,4.397767945192754,2,0,0,,,,,,GPU-9732c808-acc9-5c43-f0ce-4a81a2bf1719,4028921
primary,development,32,29791,fom_cn_cg_dt0.025_rtol1e-04,16,48,0.0004761296244196299,0.0007323658637665504,0.0045973108891891,4.517139634117484,5.477857426740229,1,0,0,,,,,,GPU-9732c808-acc9-5c43-f0ce-4a81a2bf1719,4028921
primary,development,32,29791,fom_cn_cg_dt0.025_rtol1e-06,16,48,0.00036094411017835427,0.0007315244339186351,0.0046229122687545,6.088198046199977,7.036389317363501,1,0,0,,,,,,GPU-9732c808-acc9-5c43-f0ce-4a81a2bf1719,4028921
primary,development,32,29791,fom_cn_cg_dt0.05_rtol1e-02,16,48,0.01987187739682647,0.022771284573378025,0.02406088374316867,2.491903491318226,3.565983031876385,1,0,0,,,,,,GPU-9732c808-acc9-5c43-f0ce-4a81a2bf1719,4028921
primary,development,32,29791,fom_cn_cg_dt0.05_rtol1e-04,16,48,0.0014578348838115295,0.0029959626684376663,0.003335392165184032,3.71779000852257,4.711832501925528,1,0,0,,,,,,GPU-9732c808-acc9-5c43-f0ce-4a81a2bf1719,4028921
primary,development,32,29791,fom_cn_cg_dt0.05_rtol1e-06,16,48,0.0014550406836470115,0.002996637658728767,0.0033461002768557925,4.943722975440323,5.953802494332194,1,0,0,,,,,,GPU-9732c808-acc9-5c43-f0ce-4a81a2bf1719,4028921
primary,development,32,29791,fom_cn_cg_dt0.1_rtol1e-02,16,48,0.017912411948689436,0.021614741036507984,0.020968891569056174,2.2467474918812513,3.2533271005377173,1,0,0,,,,,,GPU-9732c808-acc9-5c43-f0ce-4a81a2bf1719,4028921
primary,development,32,29791,fom_cn_cg_dt0.1_rtol1e-04,16,48,0.006011734848700684,0.013540036160995427,0.010201854856075323,3.075693384744227,4.030270967632532,1,0,0,,,,,,GPU-9732c808-acc9-5c43-f0ce-4a81a2bf1719,4028921
primary,development,32,29791,fom_cn_cg_dt0.1_rtol1e-06,16,48,0.006012186978098546,0.013540232872885086,0.010202544926160864,4.21210948843509,5.175238940864801,1,0,0,,,,,,GPU-9732c808-acc9-5c43-f0ce-4a81a2bf1719,4028921
primary,development,32,29791,linear_bank_cn,16,48,0.0026139908744964684,0.007371177401942608,0.007976644611772847,0.5487140733748674,2.4312485475093126,6,0,0,fom_cn_cg_dt0.05_rtol1e-04,0.0029959626684376663,3.71779000852257,6.775459549736518,2.006935094659544,GPU-9732c808-acc9-5c43-f0ce-4a81a2bf1719,4028921
primary,development,32,29791,linear_bank_exact,16,48,0.002580054244509169,0.007320613974193201,0.008248993195914716,0.5558313569054008,2.375955111347139,4,0,0,fom_cn_cg_dt0.05_rtol1e-04,0.0029959626684376663,3.71779000852257,6.688701460136076,1.9812367854176987,GPU-9732c808-acc9-5c43-f0ce-4a81a2bf1719,4028921
primary,development,32,29791,linear_bank_galerkin_exact,16,48,0.0025937411361044013,0.0073083355511562404,0.00813578320972577,0.16658660024404526,2.0304240752011538,5,0,0,fom_cn_cg_dt0.05_rtol1e-04,0.0029959626684376663,3.71779000852257,22.31746132687803,6.610576896198936,GPU-9732c808-acc9-5c43-f0ce-4a81a2bf1719,4028921
primary,development,32,29791,nmrom_K16_q0_dense,16,48,0.004846579532129257,0.01939883387760225,0.0196929052836447,19.02333798352629,20.194875076413155,0,0,0,fom_cn_cg_dt0.1_rtol1e-04,0.013540036160995427,3.075693384744227,0.1616800052339761,0.05788855414035397,GPU-9732c808-acc9-5c43-f0ce-4a81a2bf1719,4028921
primary,development,32,29791,nmrom_K16_q32_dense,16,48,0.0036973490239522663,0.014591092269635467,0.014918580331839022,20.298206014558673,21.36551251169294,0,0,0,fom_cn_cg_dt0.1_rtol1e-04,0.013540036160995427,3.075693384744227,0.15152538024977275,0.0542527516963699,GPU-9732c808-acc9-5c43-f0ce-4a81a2bf1719,4028921
primary,development,32,29791,nmrom_K16_q64_dense,16,48,0.0031356071387263137,0.011053892834402166,0.01137838778952609,22.693076403811574,23.790551931597292,3,0,0,fom_cn_cg_dt0.05_rtol1e-04,0.0029959626684376663,3.71779000852257,0.16382926414940033,0.048527291372651805,GPU-9732c808-acc9-5c43-f0ce-4a81a2bf1719,4028921
primary,development,32,29791,nmrom_K16_q96_dense,16,48,0.0027319068090871914,0.008142374044197162,0.008769624232556832,27.92299003340304,29.116584453731775,0,0,0,fom_cn_cg_dt0.05_rtol1e-04,0.0029959626684376663,3.71779000852257,0.13314440910787642,0.03943823814972024,GPU-9732c808-acc9-5c43-f0ce-4a81a2bf1719,4028921
primary,development,32,29791,nmrom_K16_q96_dense_dt_half,16,48,0.0027030944544926524,0.00810476508407081,0.008951866884602998,40.587321505881846,41.727432631887496,0,0,0,fom_cn_cg_dt0.05_rtol1e-04,0.0029959626684376663,3.71779000852257,0.09159978709074937,0.027132451463445915,GPU-9732c808-acc9-5c43-f0ce-4a81a2bf1719,4028921
primary,development,32,29791,nmrom_K32_q0_dense,16,48,0.004330890916805129,0.019365359384163915,0.018997378431317435,24.339039460755885,25.637420592829585,3,0,0,fom_cn_cg_dt0.1_rtol1e-04,0.013540036160995427,3.075693384744227,0.12636872501494792,0.045245562486770925,GPU-9732c808-acc9-5c43-f0ce-4a81a2bf1719,4028921
primary,development,32,29791,nmrom_K32_q32_dense,16,48,0.003450483652625665,0.021036796426245993,0.02079792734592392,25.32709646038711,26.545278495177627,4,0,0,fom_cn_cg_dt0.1_rtol1e-04,0.013540036160995427,3.075693384744227,0.12143884671323342,0.04348044919053394,GPU-9732c808-acc9-5c43-f0ce-4a81a2bf1719,4028921
primary,development,32,29791,nmrom_K32_q64_dense,16,48,0.0029757040113608797,0.014626879435594358,0.014642098113132619,30.807087547145784,32.278210506774485,0,0,0,fom_cn_cg_dt0.1_rtol1e-04,0.013540036160995427,3.075693384744227,0.09983720077522173,0.035746109693243,GPU-9732c808-acc9-5c43-f0ce-4a81a2bf1719,4028921
primary,development,32,29791,nmrom_K32_q96_dense,16,48,0.0026385755042342305,0.008622390438610775,0.009075366257265488,48.52337995544076,49.80660940054804,0,0,0,fom_cn_cg_dt0.05_rtol1e-04,0.0029959626684376663,3.71779000852257,0.07661852929323212,0.022694905668172363,GPU-9732c808-acc9-5c43-f0ce-4a81a2bf1719,4028921
primary,development,32,29791,nmrom_K32_q96_dense_dt_half,16,48,0.0026063416161635706,0.008640277886731778,0.009309244712721822,74.01546207256615,75.107233482413,0,0,0,fom_cn_cg_dt0.05_rtol1e-04,0.0029959626684376663,3.71779000852257,0.05022991013523065,0.014878425398600412,GPU-9732c808-acc9-5c43-f0ce-4a81a2bf1719,4028921
primary,development,32,29791,pod112_exact,16,48,0.0018950272341604355,0.007642240850586569,0.008533502913593652,0.15298055950552225,2.037461497820914,7,0,0,fom_cn_cg_dt0.05_rtol1e-04,0.0029959626684376663,3.71779000852257,24.302369010412505,7.198519435078035,GPU-9732c808-acc9-5c43-f0ce-4a81a2bf1719,4028921
primary,development,32,29791,pod128_exact,16,48,0.0012804043426654912,0.004717445000958575,0.00613245836837518,0.1591094769537449,2.064075553789735,3,0,0,fom_cn_cg_dt0.05_rtol1e-04,0.0029959626684376663,3.71779000852257,23.366238640853418,6.921231543673266,GPU-9732c808-acc9-5c43-f0ce-4a81a2bf1719,4028921
primary,development,32,29791,pod16_exact,16,48,0.09469887768334465,0.17868601941264003,0.17737158911520556,0.13726146426051855,2.0204948959872127,8,0,0,fom_cn_cg_dt0.1_rtol1e-02,0.021614741036507984,2.2467474918812513,16.36837770881553,8.022889284493587,GPU-9732c808-acc9-5c43-f0ce-4a81a2bf1719,4028921
primary,development,32,29791,pod32_exact,16,48,0.02940601102409359,0.06256921225869377,0.06198788112622462,0.14707702212035656,2.034933539107442,7,0,0,fom_cn_cg_dt0.1_rtol1e-02,0.021614741036507984,2.2467474918812513,15.275992534324535,7.487461432884116,GPU-9732c808-acc9-5c43-f0ce-4a81a2bf1719,4028921
primary,development,32,29791,pod48_exact,16,48,0.014251871872662563,0.0318747720301765,0.031843965852694084,0.14222750905901194,2.0596800604835153,7,0,0,fom_cn_cg_dt0.1_rtol1e-02,0.021614741036507984,2.2467474918812513,15.796856084634431,7.74276044117948,GPU-9732c808-acc9-5c43-f0ce-4a81a2bf1719,4028921
primary,development,32,29791,pod64_exact,16,48,0.007485554610653834,0.024357854337798617,0.0244317866643154,0.15098159201443195,2.0137650426477194,8,0,0,fom_cn_cg_dt0.1_rtol1e-02,0.021614741036507984,2.2467474918812513,14.880936555937827,7.2938264598796225,GPU-9732c808-acc9-5c43-f0ce-4a81a2bf1719,4028921
primary,development,32,29791,pod80_exact,16,48,0.005132936030863242,0.013656203029881468,0.014033727035274607,0.14785805251449347,2.0097619853913784,3,0,0,fom_cn_cg_dt0.1_rtol1e-04,0.013540036160995427,3.075693384744227,20.801663030444274,7.447910425315981,GPU-9732c808-acc9-5c43-f0ce-4a81a2bf1719,4028921
primary,development,32,29791,pod96_exact,16,48,0.0027768070824203553,0.01030671761554529,0.010897155430613715,0.15245296526700258,2.011606004089117,2,0,0,fom_cn_cg_dt0.05_rtol1e-04,0.0029959626684376663,3.71779000852257,24.386472260551436,7.223431363640182,GPU-9732c808-acc9-5c43-f0ce-4a81a2bf1719,4028921
primary,development,32,29791,transolver3d_w48_s32,16,48,0.005414987133394921,0.0075575831131385945,0.008824042024506533,4.457829054445028,5.447819479741156,0,0,0,fom_cn_cg_dt0.05_rtol1e-04,0.0029959626684376663,3.71779000852257,0.8339911564835479,0.24703359355862747,GPU-9732c808-acc9-5c43-f0ce-4a81a2bf1719,4028921
primary,development,32,29791,unet3d_w8,16,48,0.0017821782724629148,0.002790909426199086,0.005191966731062105,3.022901015356183,4.03348752297461,0,0,0,fom_cn_cg_dt0.025_rtol1e-04,0.0007323658637665504,4.517139634117484,1.4943061685350083,0.3642969204732155,GPU-9732c808-acc9-5c43-f0ce-4a81a2bf1719,4028921
primary,development,64,250047,deeponet3d_r128_w16,16,48,0.28763046984216506,0.42145058424537135,0.4210499321206667,7.6390920439735055,10.620146407745779,0,0,0,fom_cn_cg_dt0.1_rtol1e-02,0.014586504562778206,3.7484364584088326,0.4906913592389532,0.17963214816933207,GPU-9732c808-acc9-5c43-f0ce-4a81a2bf1719,4028921
primary,development,64,250047,deeponet3d_r128_w16_native_grid_interpolated,16,48,0.017813190910073103,0.06459770523554655,0.0641606718373029,3.1737055396661162,6.183413555845618,0,0,0,fom_cn_cg_dt0.1_rtol1e-02,0.014586504562778206,3.7484364584088326,1.181091443916117,0.432373607687176,GPU-9732c808-acc9-5c43-f0ce-4a81a2bf1719,4028921
primary,development,64,250047,deeponet3d_r128_w16_native_sensors_continuous_trunk,16,48,0.01839734277139179,0.06373157034318704,0.06340059974426561,5.256988457404077,8.181376964785159,0,0,0,fom_cn_cg_dt0.1_rtol1e-02,0.014586504562778206,3.7484364584088326,0.7130387461911656,0.2610290140526247,GPU-9732c808-acc9-5c43-f0ce-4a81a2bf1719,4028921
primary,development,64,250047,dst_exact,16,48,0.0,0.0,0.0012734933436658092,1.3722265139222145,4.62232856079936,0,0,0,,,,,,GPU-9732c808-acc9-5c43-f0ce-4a81a2bf1719,4028921
primary,development,64,250047,fno3d_w16_m6,16,48,0.13530500399490245,0.15471250855689736,0.15579610831460922,10.93635440338403,13.992376043461263,0,0,0,fom_cn_cg_dt0.1_rtol1e-02,0.014586504562778206,3.7484364584088326,0.342750090217354,0.12547385200845423,GPU-9732c808-acc9-5c43-f0ce-4a81a2bf1719,4028921
primary,development,64,250047,fno3d_w16_m6_native_grid_interpolated,16,48,0.007586077297782389,0.009515326412728255,0.009048353749534138,7.116560474969447,10.082149412482977,0,0,0,fom_cn_cg_dt0.05_rtol1e-04,0.0031126609898590118,7.3200128972530365,1.0285885889678277,0.19282159109708202,GPU-9732c808-acc9-5c43-f0ce-4a81a2bf1719,4028921
primary,development,64,250047,fno3d_w16_m6_physical_padding_transfer,16,48,0.006684911019057429,0.008328119788108069,0.008834349219705056,12.527537066489458,15.548732480965555,0,0,0,fom_cn_cg_dt0.05_rtol1e-04,0.0031126609898590118,7.3200128972530365,0.5843138087241193,0.10953681530848171,GPU-9732c808-acc9-5c43-f0ce-4a81a2bf1719,4028921
primary,development,64,250047,fom_cn_cg_dt0.025_rtol1e-02,16,48,0.013705520678829335,0.017045492415272676,0.01760124051802625,5.895324982702732,8.90149304177612,1,0,0,,,,,,GPU-9732c808-acc9-5c43-f0ce-4a81a2bf1719,4028921
primary,development,64,250047,fom_cn_cg_dt0.025_rtol1e-04,16,48,0.000434284753703361,0.0007585091586819464,0.0008906220040908597,8.567245560698211,11.597366072237492,0,0,0,,,,,,GPU-9732c808-acc9-5c43-f0ce-4a81a2bf1719,4028921
primary,development,64,250047,fom_cn_cg_dt0.025_rtol1e-06,16,48,0.0003680155746950985,0.0007594137465624689,0.0008291263863195568,12.446243898011744,15.642501064576209,0,0,0,,,,,,GPU-9732c808-acc9-5c43-f0ce-4a81a2bf1719,4028921
primary,development,64,250047,fom_cn_cg_dt0.05_rtol1e-02,16,48,0.01698325647920244,0.01947469306653348,0.019722983032582058,4.10609133541584,7.07105896435678,1,0,0,,,,,,GPU-9732c808-acc9-5c43-f0ce-4a81a2bf1719,4028921
primary,development,64,250047,fom_cn_cg_dt0.05_rtol1e-04,16,48,0.0014861338371121805,0.0031126609898590118,0.002242941029438415,7.3200128972530365,10.293655563145876,1,0,0,,,,,,GPU-9732c808-acc9-5c43-f0ce-4a81a2bf1719,4028921
primary,development,64,250047,fom_cn_cg_dt0.05_rtol1e-06,16,48,0.0014837204346886683,0.003113603677379529,0.0022448649367671205,11.447350028902292,14.531095046550035,0,0,0,,,,,,GPU-9732c808-acc9-5c43-f0ce-4a81a2bf1719,4028921
primary,development,64,250047,fom_cn_cg_dt0.1_rtol1e-02,16,48,0.012029689431749169,0.014586504562778206,0.014366737940635687,3.7484364584088326,6.778863957151771,1,0,0,,,,,,GPU-9732c808-acc9-5c43-f0ce-4a81a2bf1719,4028921
primary,development,64,250047,fom_cn_cg_dt0.1_rtol1e-04,16,48,0.006132901551418474,0.014170012405770113,0.013290684975642324,6.454724469222128,9.477400570176542,1,0,0,,,,,,GPU-9732c808-acc9-5c43-f0ce-4a81a2bf1719,4028921
primary,development,64,250047,fom_cn_cg_dt0.1_rtol1e-06,16,48,0.006133364808422834,0.014170199606804653,0.013290955663284207,10.40785911027342,13.547047972679138,0,0,0,,,,,,GPU-9732c808-acc9-5c43-f0ce-4a81a2bf1719,4028921
primary,development,64,250047,linear_bank_cn,16,48,0.0026357670348468015,0.00724837591929692,0.007179356789076088,1.4735405566170812,5.440261447802186,0,0,0,fom_cn_cg_dt0.05_rtol1e-04,0.0031126609898590118,7.3200128972530365,4.967635851203272,0.9312444830650193,GPU-9732c808-acc9-5c43-f0ce-4a81a2bf1719,4028921
primary,development,64,250047,linear_bank_exact,16,48,0.002599258235590624,0.00719121851667754,0.0072149243988294046,1.2349759927019477,5.175974569283426,1,0,0,fom_cn_cg_dt0.05_rtol1e-04,0.0031126609898590118,7.3200128972530365,5.9272511696668,1.1111361856678548,GPU-9732c808-acc9-5c43-f0ce-4a81a2bf1719,4028921
primary,development,64,250047,linear_bank_galerkin_exact,16,48,0.002617725833429345,0.007182018966706012,0.007175710683411714,0.5219191079959273,4.360678023658693,2,0,0,fom_cn_cg_dt0.05_rtol1e-04,0.0031126609898590118,7.3200128972530365,14.02518663353892,2.6291938595452273,GPU-9732c808-acc9-5c43-f0ce-4a81a2bf1719,4028921
primary,development,64,250047,nmrom_K16_q0_dense,16,48,0.004946375660506557,0.019134105667444917,0.019146244075300998,20.713069010525942,24.085206096060574,0,0,0,fom_cn_cg_dt0.1_rtol1e-02,0.014586504562778206,3.7484364584088326,0.18096963113017953,0.06624930922717817,GPU-9732c808-acc9-5c43-f0ce-4a81a2bf1719,4028921
primary,development,64,250047,nmrom_K16_q32_dense,16,48,0.003874817483472805,0.01450214210353805,0.014491651216304212,22.395945037715137,25.617534876801074,0,0,0,fom_cn_cg_dt0.1_rtol1e-04,0.014170012405770113,6.454724469222128,0.2882095155329354,0.0612712038545979,GPU-9732c808-acc9-5c43-f0ce-4a81a2bf1719,4028921
primary,development,64,250047,nmrom_K16_q64_dense,16,48,0.003254437140026013,0.011033082651127915,0.010975438046421598,24.75069835782051,27.990289381705225,3,0,0,fom_cn_cg_dt0.05_rtol1e-04,0.0031126609898590118,7.3200128972530365,0.29574975184246155,0.05544193113600087,GPU-9732c808-acc9-5c43-f0ce-4a81a2bf1719,4028921
primary,development,64,250047,nmrom_K16_q96_dense,16,48,0.0028141562327938102,0.008061072177942386,0.008024032201016683,28.758727596141398,31.795560964383185,0,0,0,fom_cn_cg_dt0.05_rtol1e-04,0.0031126609898590118,7.3200128972530365,0.25453187637672725,0.04771513306125297,GPU-9732c808-acc9-5c43-f0ce-4a81a2bf1719,4028921
primary,development,64,250047,nmrom_K16_q96_dense_dt_half,16,48,0.0027793910691609964,0.008020880429959484,0.00804548638472739,43.15459344070405,46.40771995764226,0,0,0,fom_cn_cg_dt0.05_rtol1e-04,0.0031126609898590118,7.3200128972530365,0.1696230299866223,0.03179792472863179,GPU-9732c808-acc9-5c43-f0ce-4a81a2bf1719,4028921
primary,development,64,250047,nmrom_K32_q0_dense,16,48,0.004414990326198207,0.01927436958258107,0.01910779217087189,26.477303472347558,29.54625606071204,3,0,0,fom_cn_cg_dt0.1_rtol1e-02,0.014586504562778206,3.7484364584088326,0.14157168468169862,0.05182652060302683,GPU-9732c808-acc9-5c43-f0ce-4a81a2bf1719,4028921
primary,development,64,250047,nmrom_K32_q32_dense,16,48,0.003553274478602279,0.02094173195022633,0.020807446420566575,26.690824539400637,29.798449017107487,3,0,0,fom_cn_cg_dt0.1_rtol1e-02,0.014586504562778206,3.7484364584088326,0.14043914053218703,0.05141191917456698,GPU-9732c808-acc9-5c43-f0ce-4a81a2bf1719,4028921
primary,development,64,250047,nmrom_K32_q64_dense,16,48,0.003068768535655556,0.01444094798906167,0.014334171266835605,31.81197540834546,35.0516150938347,0,0,0,fom_cn_cg_dt0.1_rtol1e-04,0.014170012405770113,6.454724469222128,0.20290234687937092,0.04313553296543253,GPU-9732c808-acc9-5c43-f0ce-4a81a2bf1719,4028921
primary,development,64,250047,nmrom_K32_q96_dense,16,48,0.0026684289653621253,0.008481686774362496,0.008405346517904323,50.661270041018724,53.95655264146626,0,0,0,fom_cn_cg_dt0.05_rtol1e-04,0.0031126609898590118,7.3200128972530365,0.144489328659275,0.02708630306368492,GPU-9732c808-acc9-5c43-f0ce-4a81a2bf1719,4028921
primary,development,64,250047,nmrom_K32_q96_dense_dt_half,16,48,0.0026356577387185247,0.00849225692292147,0.008477096384647467,73.84418603032827,77.09338644053787,0,0,0,fom_cn_cg_dt0.05_rtol1e-04,0.0031126609898590118,7.3200128972530365,0.09912781615937456,0.01858272922608467,GPU-9732c808-acc9-5c43-f0ce-4a81a2bf1719,4028921
primary,development,64,250047,pod112_exact,16,48,0.0018926633647478037,0.007580951986587006,0.007600588384724178,0.49600645434111357,4.3808529153466225,4,0,0,fom_cn_cg_dt0.05_rtol1e-04,0.0031126609898590118,7.3200128972530365,14.75789847730271,2.7665497130376187,GPU-9732c808-acc9-5c43-f0ce-4a81a2bf1719,4028921
primary,development,64,250047,pod128_exact,16,48,0.0012591277237827038,0.004605936745646217,0.004664634792101332,0.5244825733825564,4.394714022055268,3,0,0,fom_cn_cg_dt0.05_rtol1e-04,0.0031126609898590118,7.3200128972530365,13.9566370147323,2.616343389776109,GPU-9732c808-acc9-5c43-f0ce-4a81a2bf1719,4028921
primary,development,64,250047,pod16_exact,16,48,0.0945932905734638,0.17780023625951888,0.17746988760127821,0.2599183935672045,4.096151562407613,4,0,0,fom_cn_cg_dt0.1_rtol1e-02,0.014586504562778206,3.7484364584088326,14.421589818881507,5.27945135043862,GPU-9732c808-acc9-5c43-f0ce-4a81a2bf1719,4028921
primary,development,64,250047,pod32_exact,16,48,0.02955995198218151,0.06204317405435858,0.06188408378718554,0.30236307065933943,4.139598575420678,3,0,0,fom_cn_cg_dt0.1_rtol1e-02,0.014586504562778206,3.7484364584088326,12.397137157771652,4.538340316923981,GPU-9732c808-acc9-5c43-f0ce-4a81a2bf1719,4028921
primary,development,64,250047,pod48_exact,16,48,0.014359495815468755,0.031670391006777335,0.03161855631074447,0.3463119501248002,4.205610952340066,1,0,0,fom_cn_cg_dt0.1_rtol1e-02,0.014586504562778206,3.7484364584088326,10.823872687783402,3.962400123436994,GPU-9732c808-acc9-5c43-f0ce-4a81a2bf1719,4028921
primary,development,64,250047,pod64_exact,16,48,0.007472222695809271,0.02417760952234566,0.024134595089558706,0.37364650052040815,4.238219582475722,5,0,0,fom_cn_cg_dt0.1_rtol1e-02,0.014586504562778206,3.7484364584088326,10.03203951646296,3.6725260694560284,GPU-9732c808-acc9-5c43-f0ce-4a81a2bf1719,4028921
primary,development,64,250047,pod80_exact,16,48,0.005125879666954942,0.013618204343275049,0.013595815900381655,0.4225414013490081,4.282843554392457,2,0,0,fom_cn_cg_dt0.05_rtol1e-04,0.0031126609898590118,7.3200128972530365,17.323776732606845,3.2475551733894865,GPU-9732c808-acc9-5c43-f0ce-4a81a2bf1719,4028921
primary,development,64,250047,pod96_exact,16,48,0.0027649142092789954,0.010171925469183095,0.010164826635772863,0.44522201642394066,4.345960449427366,7,0,0,fom_cn_cg_dt0.05_rtol1e-04,0.0031126609898590118,7.3200128972530365,16.44126441914974,3.0821173780758846,GPU-9732c808-acc9-5c43-f0ce-4a81a2bf1719,4028921
primary,development,64,250047,transolver3d_w48_s32,16,48,0.3461602397028875,0.777346912234516,0.7780358747013689,13.547819573432207,16.527558560483158,0,0,0,fom_cn_cg_dt0.1_rtol1e-02,0.014586504562778206,3.7484364584088326,0.27668189985048663,0.10128762835114835,GPU-9732c808-acc9-5c43-f0ce-4a81a2bf1719,4028921
primary,development,64,250047,transolver3d_w48_s32_native_grid_interpolated,16,48,0.007722498878660338,0.009780693477590321,0.00935926511844159,5.330984015017748,8.282955037429929,0,0,0,fom_cn_cg_dt0.05_rtol1e-04,0.0031126609898590118,7.3200128972530365,1.3731072681201177,0.25740585791601667,GPU-9732c808-acc9-5c43-f0ce-4a81a2bf1719,4028921
primary,development,64,250047,unet3d_w8,16,48,0.6887916471775637,0.8863213352172976,0.8878244239460921,7.199867512099445,10.177365969866514,0,0,0,fom_cn_cg_dt0.1_rtol1e-02,0.014586504562778206,3.7484364584088326,0.5206257548641763,0.19059052289728595,GPU-9732c808-acc9-5c43-f0ce-4a81a2bf1719,4028921
primary,development,64,250047,unet3d_w8_native_grid_interpolated,16,48,0.007707536551296841,0.009406859340625691,0.008913220379750154,3.410678938962519,6.3583365408703685,0,0,0,fom_cn_cg_dt0.05_rtol1e-04,0.0031126609898590118,7.3200128972530365,2.146204033933397,0.40233236211310663,GPU-9732c808-acc9-5c43-f0ce-4a81a2bf1719,4028921
seedB,development,32,29791,deeponet3d_r128_w16,16,16,0.01717778206963891,0.10724092759252314,0.105049952232776,2.7186285005882382,3.628818434663117,0,0,0,,,,,,GPU-9732c808-acc9-5c43-f0ce-4a81a2bf1719,4028921
seedB,development,32,29791,fno3d_w16_m6,16,16,0.0014108913128637306,0.0024298146962764586,0.005296250978427931,6.715935072861612,7.708412013016641,0,0,0,,,,,,GPU-9732c808-acc9-5c43-f0ce-4a81a2bf1719,4028921
seedB,development,32,29791,nmrom_K16_q0_dense,16,16,0.004784323553467597,0.018595293505466272,0.01860003537678371,17.82044640276581,18.80852598696947,1,0,0,,,,,,GPU-9732c808-acc9-5c43-f0ce-4a81a2bf1719,4028921
seedB,development,32,29791,nmrom_K16_q32_dense,16,16,0.0034894482406669313,0.01551840262427738,0.015695297946786837,19.607160589657724,20.657259970903397,0,0,0,,,,,,GPU-9732c808-acc9-5c43-f0ce-4a81a2bf1719,4028921
seedB,development,32,29791,nmrom_K16_q64_dense,16,16,0.0028558642074293546,0.010983917208258857,0.01133464203543254,21.80858061183244,22.917788475751877,0,0,0,,,,,,GPU-9732c808-acc9-5c43-f0ce-4a81a2bf1719,4028921
seedB,development,32,29791,nmrom_K16_q96_dense,16,16,0.002359096824314195,0.008095180345172056,0.008682523535776013,23.98554398678243,24.98277893755585,1,0,0,,,,,,GPU-9732c808-acc9-5c43-f0ce-4a81a2bf1719,4028921
seedB,development,32,29791,nmrom_K32_q0_dense,16,16,0.003781330804104786,0.0156825186729337,0.0157275079062007,23.365077911876142,24.45665141567588,2,0,0,,,,,,GPU-9732c808-acc9-5c43-f0ce-4a81a2bf1719,4028921
seedB,development,32,29791,nmrom_K32_q32_dense,16,16,0.0029727617182874807,0.01234552752706826,0.012566748517317197,26.67942165862769,28.010206413455307,0,0,0,,,,,,GPU-9732c808-acc9-5c43-f0ce-4a81a2bf1719,4028921
seedB,development,32,29791,nmrom_K32_q64_dense,16,16,0.0024878304275992554,0.010805629078322785,0.011158664062805378,29.408500529825687,30.38742602802813,0,0,0,,,,,,GPU-9732c808-acc9-5c43-f0ce-4a81a2bf1719,4028921
seedB,development,32,29791,nmrom_K32_q96_dense,16,16,0.00228494937093746,0.008325259010176306,0.008864388150242776,52.589954575523734,53.83317498490214,1,0,0,,,,,,GPU-9732c808-acc9-5c43-f0ce-4a81a2bf1719,4028921
seedB,development,32,29791,transolver3d_w48_s32,16,16,0.006616503581146679,0.009050943482316082,0.009246909894801954,4.369330010376871,5.34026010427624,0,0,0,,,,,,GPU-9732c808-acc9-5c43-f0ce-4a81a2bf1719,4028921
seedB,development,32,29791,unet3d_w8,16,16,0.001891972095956286,0.0035211358261290644,0.005944471652763629,3.1609274446964264,4.090639064088464,0,0,0,,,,,,GPU-9732c808-acc9-5c43-f0ce-4a81a2bf1719,4028921
